{
  "project_info": {
    "project_number": "997034253248",
    "project_id": "login-4d02c",
    "storage_bucket": "login-4d02c.appspot.com"
  },
  "client": [
    {
      "client_info": {
        "mobilesdk_app_id": "1:997034253248:android:86b402934b7f162b8c4625",
        "android_client_info": {
          "package_name": "com.example.login_ui"
        }
      },
      "oauth_client": [
        {
          "client_id": "997034253248-p6agjbq1sgentt1epo1kg8hjimvm1kb1.apps.googleusercontent.com",
          "client_type": 3
        }
      ],
      "api_key": [
        {
          "current_key": "AIzaSyDGjofrg8GkWIr3Si6fbjSKBnRPNQsMjQE"
        }
      ],
      "services": {
        "appinvite_service": {
          "other_platform_oauth_client": [
            {
              "client_id": "997034253248-p6agjbq1sgentt1epo1kg8hjimvm1kb1.apps.googleusercontent.com",
              "client_type": 3
            }
          ]
        }
      }
    }
  ],
  "configuration_version": "1"
}